id,text
card-1,🏋️ 40-Min Full-Body Strength Workout
card-2,"💪 30 Pushups, 30 Squats, 30 Reverse Lunges, 2-Min Plank, 30 Jumping Jacks"
card-3,🔥 30-Min HIIT Workout
card-4,🏋️ 40-Min Upper-Body Strength Workout
card-5,🧘 45-Min Yoga
card-6,🤸 ~40-Min HIIT Workout
card-7,🧘 40-Min Mobility + 10-Min Core
card-8,🏋️ 40-Min Lower-Body Strength Workout
card-9,🔥 30-Min HIIT + Core
card-10,💃 40-Min Mobility
card-11,🏋️ 40-Min Full-Body Dumbbell Workout
card-12,🤸 45-Min Calisthenics Workout
card-13,🧘 45-Min Yoga
card-14,🔥 35-Min HIIT Workout
card-15,"💪 30 Squats, 30 Lunges, 30 Pushups, 30 Rows, 30 Shoulder Presses, 2-Min Plank"
card-16,🏋️ 40-Min Upper-Body Strength + 10-Min Core
card-17,🔥 30-Min HIIT Workout
card-18,🤸 40-Min Calisthenics Workout
card-19,🏋️ 40-Min Lower-Body + Glutes Strength Workout
card-20,🧘 45-Min Yoga
card-21,🔥 40-Min HIIT Workout
card-22,🏋️ 45-Min Full-Body Strength Workout
card-23,🤸 30-Min Calisthenics + 15-Min Core
card-24,💃 45-Min Dance Fitness Workout
card-25,"💪 40 Pushups, 40 Rows, 30 Shoulder Presses, 30 Biceps Curls, 30 Triceps Extensions"
card-26,🧘 45-Min Full-Body Mobility Workout
card-27,🏋️ 45-Min Full-Body Strength Workout
card-28,🔥 35-Min HIIT + Core Challenge
card-29,🤸 30-Min Calisthenics Challenge
card-30,🏆 60-Min Final Fitness Challenge
